t_s,host_ws_mib,host_priv_mib,ctrl_ws_mib,ctrl_priv_mib,presents_60s
10,114.7,293.0,92.3,118.1,33
70,116.0,293.5,89.7,115.4,93
130,116.4,293.8,90.1,115.7,935
190,116.8,294.1,93.4,119.0,935
250,117.1,294.5,93.9,119.6,1743
310,117.5,294.6,94.4,119.8,1743
370,117.8,294.9,94.9,120.3,2558
430,118.1,295.1,95.1,120.4,2558
490,118.2,295.3,95.3,120.7,3389
550,118.4,295.4,95.4,120.6,3389
610,118.8,295.9,95.5,120.7,4137
670,119.2,296.2,95.4,120.7,4077
730,119.2,296.2,95.5,120.8,3797
790,119.3,296.5,98.7,123.9,3797
850,119.5,296.6,95.7,120.9,3823
910,119.5,296.6,95.8,120.9,4616
970,119.7,296.8,95.8,120.9,4674
1030,119.7,296.8,95.8,123.9,5513
1090,119.7,296.8,95.8,120.9,4682
1150,119.7,296.8,95.8,120.9,5510
1210,119.7,296.8,95.8,120.9,5587
1270,119.7,296.8,95.8,120.9,5587
1330,119.7,296.8,95.8,121.0,5832
1390,119.7,296.8,95.9,121.0,6656
1450,119.7,296.8,95.9,121.0,6660
1510,119.7,296.8,95.9,121.0,5867
1570,119.7,296.8,95.9,124.1,5811
1630,119.8,296.8,95.9,121.1,5824
1690,119.8,296.8,96.0,121.1,6651
1750,119.8,296.8,96.1,124.1,5823
1810,119.8,296.8,96.0,121.1,5833
1870,119.8,296.8,96.0,121.1,6666
1930,119.8,296.8,96.1,121.1,6648
1990,119.8,296.8,99.1,124.2,5824
2050,119.8,296.8,96.1,121.1,5803
2110,119.8,296.8,96.1,121.2,6562
2170,119.8,296.8,96.1,121.2,6591
2230,119.8,296.8,96.3,121.5,5739
2290,119.8,296.8,96.3,121.5,5673
2350,119.9,296.9,96.4,121.5,5673
2410,119.9,296.9,96.4,121.5,4805
2470,119.9,296.9,96.4,121.5,4824
2530,119.9,296.9,96.4,121.5,4888
2590,119.9,296.9,96.4,121.5,5685
2650,119.9,296.9,96.4,121.5,4868
2710,119.9,296.9,96.4,124.5,4905
2770,120.0,296.8,96.4,121.5,4059
2830,120.0,296.8,96.4,121.5,4059
2890,120.0,296.8,96.4,121.5,3298
2950,120.0,296.8,96.4,121.4,3298
3010,120.0,296.8,96.4,121.4,3298
3070,120.0,296.8,96.4,121.5,2971
3130,120.0,296.8,96.4,121.5,2118
3190,120.0,296.8,96.4,121.4,1321
3251,120.0,296.8,96.4,121.4,1321
3311,120.0,296.8,96.4,121.4,525
3371,120.0,296.8,96.4,121.4,525
3431,120.0,296.8,96.4,121.4,525
3491,120.0,296.8,96.4,121.4,525
3551,120.0,296.8,96.4,121.4,525
3611,120.0,296.8,96.4,121.4,525
