iter,preset,rc,quality_seen,held
0,low,0,low,0
1,auto,0,auto,0
2,high,0,high,0
3,auto,0,auto,0
4,balanced,0,balanced,0
5,auto,0,auto,0
6,low,0,low,0
7,auto,0,auto,0
8,high,0,high,0
9,auto,0,auto,0
10,balanced,0,balanced,0
11,auto,0,auto,0
12,low,0,low,0
13,auto,0,auto,0
14,high,0,high,0
15,auto,0,auto,0
16,balanced,0,balanced,0
17,auto,0,auto,0
18,low,0,low,0
19,auto,0,auto,0
20,high,0,high,0
21,auto,0,auto,0
22,balanced,0,balanced,0
23,auto,0,auto,0
24,low,0,low,0
25,auto,0,auto,0
26,high,0,high,0
27,auto,0,auto,0
28,balanced,0,balanced,0
29,auto,0,auto,0
30,low,0,low,0
31,auto,0,auto,0
32,high,0,high,0
33,auto,0,auto,0
34,balanced,0,balanced,0
35,auto,0,auto,0
36,low,0,low,0
37,auto,0,auto,0
38,high,0,high,0
39,auto,0,auto,0
40,balanced,0,balanced,0
41,auto,0,auto,0
42,low,0,low,0
43,auto,0,auto,0
44,high,0,high,0
45,auto,0,auto,0
46,balanced,0,balanced,0
47,auto,0,auto,0
48,low,0,low,0
49,auto,0,auto,0
50,high,0,high,0
51,auto,0,auto,0
52,balanced,0,balanced,0
53,auto,0,auto,0
54,low,0,low,0
55,auto,0,auto,0
56,high,0,high,0
57,auto,0,auto,0
58,balanced,0,balanced,0
59,auto,0,auto,0
60,low,0,low,0
61,auto,0,auto,0
62,high,0,high,0
63,auto,0,auto,0
64,balanced,0,balanced,0
65,auto,0,auto,0
66,low,0,low,0
67,auto,0,auto,0
68,high,0,high,0
69,auto,0,auto,0
70,balanced,0,balanced,0
71,auto,0,auto,0
72,low,0,low,0
73,auto,0,auto,0
74,high,0,high,0
75,auto,0,auto,0
76,balanced,0,balanced,0
77,auto,0,auto,0
78,low,0,low,0
79,auto,0,auto,0
80,high,0,high,0
81,auto,0,auto,0
82,balanced,0,balanced,0
83,auto,0,auto,0
84,low,0,low,0
85,auto,0,auto,0
86,high,0,high,0
87,auto,0,auto,0
88,balanced,0,balanced,0
89,auto,0,auto,0
90,low,0,low,0
91,auto,0,auto,0
92,high,0,high,0
93,auto,0,auto,0
94,balanced,0,balanced,0
95,auto,0,auto,0
96,low,0,low,0
97,auto,0,auto,0
98,high,0,high,0
99,auto,0,auto,0
